Logistic Regression,SGD Classifier,Decision Tree,Random Forest,AdaBoost,Extra Trees,Support Vector Machine,Gaussian Naive Bayes,K-Nearest Neighbors,Multi-layer Perceptron,XGBoost,lightGBM
0.6252755326965467,0.4742836149889787,0.9981631153563556,0.997060984570169,0.6961792799412196,0.9963262307127112,0.766348273328435,0.5778839088905217,0.9974283614988979,0.9533431300514328,0.997060984570169,0.9959588537839824
0.6293166789125643,0.6480529022777369,0.9988978692138134,0.9996326230712711,0.6752387950036738,0.9992652461425422,0.7766348273328435,0.5760470242468773,0.9963262307127112,0.9566495224099927,0.9992652461425422,0.9988978692138134
0.6616458486407054,0.6223365172667157,0.9966936076414401,0.9974283614988979,0.6855253490080823,0.9985304922850845,0.7891256429096253,0.5991917707567965,0.9955914768552535,0.9617927994121969,0.9981631153563556,0.9981631153563556
0.6457184858507902,0.6398382947445792,0.9981624402793091,0.9985299522234473,0.7217934582873944,0.9981624402793091,0.7912532157295112,0.5950018375597207,0.9963248805586181,0.972069092245498,0.9970599044468945,0.9970599044468945
0.6207276736493936,0.6328555678059536,0.9974274163910327,0.9985299522234473,0.6758544652701213,0.9992649761117236,0.7765527379639838,0.5784638000735024,0.9955898566703418,0.9558985667034179,0.9977949283351709,0.9970599044468945
